{
  "overall_accuracy": 0.9944444444444445,
  "per_class_accuracy": {
    "plastic": 0.98,
    "paper": 0.9933333333333333,
    "metal": 1.0,
    "glass": 0.9933333333333333,
    "organic": 1.0,
    "unsupported": 1.0
  },
  "per_class_samples": {
    "plastic": 150,
    "paper": 150,
    "metal": 150,
    "glass": 150,
    "organic": 150,
    "unsupported": 150
  },
  "confusion_matrix": [
    [
      147,
      0,
      1,
      2,
      0,
      0
    ],
    [
      1,
      149,
      0,
      0,
      0,
      0
    ],
    [
      0,
      0,
      150,
      0,
      0,
      0
    ],
    [
      1,
      0,
      0,
      149,
      0,
      0
    ],
    [
      0,
      0,
      0,
      0,
      150,
      0
    ],
    [
      0,
      0,
      0,
      0,
      0,
      150
    ]
  ],
  "classification_report": {
    "plastic": {
      "precision": 0.9865771812080537,
      "recall": 0.98,
      "f1-score": 0.9832775919732442,
      "support": 150.0
    },
    "paper": {
      "precision": 1.0,
      "recall": 0.9933333333333333,
      "f1-score": 0.9966555183946488,
      "support": 150.0
    },
    "metal": {
      "precision": 0.9933774834437086,
      "recall": 1.0,
      "f1-score": 0.9966777408637874,
      "support": 150.0
    },
    "glass": {
      "precision": 0.9867549668874173,
      "recall": 0.9933333333333333,
      "f1-score": 0.9900332225913622,
      "support": 150.0
    },
    "organic": {
      "precision": 1.0,
      "recall": 1.0,
      "f1-score": 1.0,
      "support": 150.0
    },
    "unsupported": {
      "precision": 1.0,
      "recall": 1.0,
      "f1-score": 1.0,
      "support": 150.0
    },
    "accuracy": 0.9944444444444445,
    "macro avg": {
      "precision": 0.99445160525653,
      "recall": 0.9944444444444445,
      "f1-score": 0.994440678970507,
      "support": 900.0
    },
    "weighted avg": {
      "precision": 0.9944516052565299,
      "recall": 0.9944444444444445,
      "f1-score": 0.9944406789705071,
      "support": 900.0
    }
  }
}